Station MAC,First time seen,Last time seen,Power,# packets,BSSID,Probed ESSIDs
78:8B:2A:DD:CE:12, 2023-11-07 14:10:49, 2023-11-07 14:38:35,-1,229,4E:AB:F8:4C:AD:0F,
B0:C5:54:A5:D3:7E, 2023-11-07 14:10:49, 2023-11-07 14:38:37,-70,1450,(not associated),cloudmedwifi
FE:82:06:C5:FA:FF, 2023-11-07 14:10:49, 2023-11-07 14:10:49,-58,2,(not associated),
40:AC:BF:1E:BD:BD, 2023-11-07 14:10:49, 2023-11-07 14:38:39,-69,2691,40:0D:10:07:93:59,
86:AC:79:82:72:33, 2023-11-07 14:10:49, 2023-11-07 14:10:49,-76,2,(not associated),
7C:F6:66:56:96:E7, 2023-11-07 14:10:49, 2023-11-07 14:38:39,-44,628,B0:EC:DD:71:BB:48,
94:3C:C6:67:94:1C, 2023-11-07 14:10:50, 2023-11-07 14:10:50,-1,1,F0:3F:95:97:0F:20,
1C:90:FF:88:F3:42, 2023-11-07 14:10:51, 2023-11-07 14:38:35,-52,729,B0:EC:DD:71:BB:48,
BE:E7:23:46:F1:90, 2023-11-07 14:10:52, 2023-11-07 14:20:13,-61,182,E4:57:40:E0:25:67,
7C:F6:66:40:5A:A9, 2023-11-07 14:10:52, 2023-11-07 14:38:38,-28,756,B0:EC:DD:71:BB:48,
AC:84:C6:EA:32:A6, 2023-11-07 14:10:52, 2023-11-07 14:36:32,-76,12,F8:5B:3B:1E:E6:E5,icbelalpa2.4g
7C:F6:66:4A:37:C2, 2023-11-07 14:10:53, 2023-11-07 14:38:38,-34,764,B0:EC:DD:71:BB:48,
24:A1:60:36:87:68, 2023-11-07 14:10:54, 2023-11-07 14:38:32,-41,454,B0:EC:DD:71:BB:48,
EA:F6:DA:12:98:30, 2023-11-07 14:10:55, 2023-11-07 14:10:55,-57,1,(not associated),
50:8A:06:62:4E:19, 2023-11-07 14:10:59, 2023-11-07 14:38:20,-73,21,48:2C:D0:AD:D3:78,
70:C9:4E:1E:29:89, 2023-11-07 14:11:00, 2023-11-07 14:15:50,-81,18,F4:69:42:2D:04:4F,
38:AF:29:BC:F8:9A, 2023-11-07 14:11:00, 2023-11-07 14:33:18,-81,12,(not associated),paula 
1A:5B:BB:A4:24:83, 2023-11-07 14:11:00, 2023-11-07 14:11:00,-79,1,(not associated),
E8:DB:84:8D:83:80, 2023-11-07 14:11:02, 2023-11-07 14:38:17,-80,64,E4:57:40:E0:25:67,
CE:3F:7D:83:42:57, 2023-11-07 14:11:04, 2023-11-07 14:11:04,-79,1,(not associated),
4C:F5:DC:EB:AF:21, 2023-11-07 14:11:10, 2023-11-07 14:26:33,-80,2,48:D3:43:B7:61:E9,
10:59:32:BA:38:D7, 2023-11-07 14:11:11, 2023-11-07 14:36:32,-72,94,90:3F:EA:22:9B:0C,NEGRITA 2022
E8:13:6E:83:92:4C, 2023-11-07 14:11:14, 2023-11-07 14:11:14,-73,1,(not associated),
F0:A3:B2:09:7C:61, 2023-11-07 14:11:14, 2023-11-07 14:38:07,-67,16,E4:57:40:FF:5E:34,
EA:F8:29:E5:A2:53, 2023-11-07 14:11:14, 2023-11-07 14:11:14,-82,1,(not associated),
80:CB:BC:2B:CF:F2, 2023-11-07 14:11:15, 2023-11-07 14:38:16,-80,16,(not associated),mia
64:1C:AE:C3:C9:E6, 2023-11-07 14:11:15, 2023-11-07 14:19:44,-79,7,(not associated),
BC:2E:F6:68:17:0D, 2023-11-07 14:11:17, 2023-11-07 14:38:09,-75,20,48:D3:43:8B:2C:A1,
78:8B:2A:CD:F8:F5, 2023-11-07 14:11:21, 2023-11-07 14:36:01,-68,17,4E:AB:F8:4C:AD:0F,
FE:6F:39:2D:5E:A5, 2023-11-07 14:11:21, 2023-11-07 14:11:21,-80,1,(not associated),
5E:98:3F:01:9D:B8, 2023-11-07 14:11:24, 2023-11-07 14:11:24,-80,1,(not associated),
36:A5:9D:E8:52:7F, 2023-11-07 14:11:25, 2023-11-07 14:11:25,-78,1,(not associated),
62:32:B0:29:31:87, 2023-11-07 14:11:25, 2023-11-07 14:35:26,-79,9,F0:3F:95:97:0F:20,
86:E3:83:A7:12:04, 2023-11-07 14:11:26, 2023-11-07 14:11:26,-68,2,(not associated),
EE:92:88:C8:84:09, 2023-11-07 14:11:32, 2023-11-07 14:11:32,-1,1,00:35:1A:1D:68:C1,
0E:80:C5:FA:BF:33, 2023-11-07 14:11:40, 2023-11-07 14:11:40,-78,1,(not associated),
18:69:D8:18:7A:CA, 2023-11-07 14:11:41, 2023-11-07 14:12:50,-76,5,C4:69:F0:CF:F1:64,
6A:D6:44:44:73:55, 2023-11-07 14:11:45, 2023-11-07 14:11:45,-80,2,(not associated),
C2:BA:B2:1F:7C:30, 2023-11-07 14:11:45, 2023-11-07 14:11:45,-75,1,(not associated),
5A:B2:AE:F2:2E:EB, 2023-11-07 14:11:46, 2023-11-07 14:11:46,-80,1,(not associated),
16:39:02:95:11:93, 2023-11-07 14:11:48, 2023-11-07 14:11:48,-83,1,(not associated),
94:A4:08:31:51:A4, 2023-11-07 14:11:50, 2023-11-07 14:15:04,-82,4,E4:AB:89:63:7F:C0,
32:50:67:5B:79:8D, 2023-11-07 14:11:50, 2023-11-07 14:11:50,-74,1,(not associated),
56:78:70:6A:91:56, 2023-11-07 14:11:55, 2023-11-07 14:11:55,-79,1,(not associated),
DA:A1:19:50:9F:D9, 2023-11-07 14:11:56, 2023-11-07 14:11:56,-81,1,(not associated),
00:BF:AF:0E:15:81, 2023-11-07 14:12:00, 2023-11-07 14:20:37,-75,2,90:3F:EA:22:9B:0C,
44:D8:78:61:42:13, 2023-11-07 14:12:03, 2023-11-07 14:33:59,-75,3,B4:09:31:5B:FE:3C,
78:8B:2A:CD:FB:F8, 2023-11-07 14:12:04, 2023-11-07 14:37:42,-81,58,4E:AB:F8:4C:AD:0F,
92:AE:17:2A:B0:61, 2023-11-07 14:12:08, 2023-11-07 14:12:08,-72,1,(not associated),
6A:FF:7A:49:7E:1D, 2023-11-07 14:12:11, 2023-11-07 14:12:11,-76,2,C4:FB:AA:82:BD:DC,
6A:FF:7A:49:7E:1C, 2023-11-07 14:12:11, 2023-11-07 14:12:11,-80,1,C4:FB:AA:82:BD:DC,
96:BF:A7:63:AC:F4, 2023-11-07 14:12:11, 2023-11-07 14:12:11,-78,1,(not associated),
86:EE:CB:45:8D:37, 2023-11-07 14:12:11, 2023-11-07 14:12:11,-82,2,(not associated),
86:28:3F:DB:CB:48, 2023-11-07 14:12:13, 2023-11-07 14:12:13,-77,2,(not associated),
84:FD:D1:B4:69:FF, 2023-11-07 14:12:17, 2023-11-07 14:32:18,-75,2,(not associated),
92:C7:41:6C:CD:C3, 2023-11-07 14:12:18, 2023-11-07 14:12:18,-79,1,(not associated),
96:E1:85:A2:16:83, 2023-11-07 14:12:19, 2023-11-07 14:12:19,-81,1,(not associated),
00:BF:AF:62:30:7E, 2023-11-07 14:12:20, 2023-11-07 14:31:01,-82,33,(not associated),
8C:7A:AA:EA:57:F7, 2023-11-07 14:12:25, 2023-11-07 14:32:57,-62,7,E4:57:40:E0:25:67,
AC:AE:19:0A:95:ED, 2023-11-07 14:12:28, 2023-11-07 14:15:25,-1,5,30:C5:0F:3F:12:28,
D8:F1:5B:D6:69:17, 2023-11-07 14:12:29, 2023-11-07 14:38:02,-76,29,C4:69:F0:CF:F1:64,
60:32:B1:B8:9A:F0, 2023-11-07 14:12:30, 2023-11-07 14:36:01,-78,6,(not associated),WOM-839043
CA:EE:67:DE:3B:8D, 2023-11-07 14:12:30, 2023-11-07 14:12:30,-77,1,(not associated),
C6:C8:AE:E4:06:9A, 2023-11-07 14:12:32, 2023-11-07 14:12:32,-75,1,(not associated),
26:CF:DA:6B:8A:E6, 2023-11-07 14:12:35, 2023-11-07 14:17:37,-68,2,(not associated),
F2:35:BB:5D:E9:AE, 2023-11-07 14:12:36, 2023-11-07 14:12:36,-81,1,(not associated),
36:B0:0A:B8:AC:9B, 2023-11-07 14:12:37, 2023-11-07 14:12:37,-81,1,(not associated),
7A:02:13:C1:4B:58, 2023-11-07 14:12:41, 2023-11-07 14:12:41,-76,2,(not associated),
20:79:18:AC:7B:F5, 2023-11-07 14:12:45, 2023-11-07 14:32:55,-44,4,(not associated),Y4rd13-Ont
BE:92:EE:35:70:EF, 2023-11-07 14:12:46, 2023-11-07 14:24:51,-73,4,22:89:A0:60:4D:31,iPhone de Florencia
EE:4F:B2:4C:8F:E6, 2023-11-07 14:12:47, 2023-11-07 14:32:46,-74,8,44:48:B9:49:5C:70,Centro Casperia
8C:EA:48:E9:B4:1D, 2023-11-07 14:12:47, 2023-11-07 14:12:47,-72,1,C4:69:F0:C9:CF:64,
72:ED:DF:FF:2E:CE, 2023-11-07 14:12:48, 2023-11-07 14:12:48,-78,1,(not associated),
12:71:72:38:5D:5F, 2023-11-07 14:12:49, 2023-11-07 14:12:49,-80,1,(not associated),
8A:BA:03:3F:24:14, 2023-11-07 14:12:54, 2023-11-07 14:12:54,-74,2,(not associated),
76:B5:EF:26:68:33, 2023-11-07 14:12:58, 2023-11-07 14:12:58,-78,1,(not associated),
66:63:46:F7:71:45, 2023-11-07 14:12:59, 2023-11-07 14:12:59,-74,1,(not associated),
BA:39:D3:56:99:65, 2023-11-07 14:13:00, 2023-11-07 14:13:00,-76,2,(not associated),
20:79:18:BC:6B:19, 2023-11-07 14:13:00, 2023-11-07 14:38:04,-73,24,(not associated),
B8:AB:62:F8:69:2B, 2023-11-07 14:13:02, 2023-11-07 14:34:08,-78,7,(not associated),iPhone de Daniela
FA:D8:00:3A:D9:47, 2023-11-07 14:13:02, 2023-11-07 14:13:02,-83,1,(not associated),
DA:A1:19:3D:DF:C1, 2023-11-07 14:13:06, 2023-11-07 14:13:06,-70,1,(not associated),
0A:82:AB:99:41:BC, 2023-11-07 14:13:09, 2023-11-07 14:13:09,-79,2,(not associated),
EA:9F:80:06:E0:30, 2023-11-07 14:13:12, 2023-11-07 14:34:52,-75,28,40:0D:10:07:93:59,
AE:CD:62:31:0F:7E, 2023-11-07 14:13:16, 2023-11-07 14:13:16,-71,2,(not associated),
28:AD:18:BF:A4:80, 2023-11-07 14:13:19, 2023-11-07 14:32:46,-63,4,E4:57:40:AC:55:F9,
42:8A:63:35:A0:AC, 2023-11-07 14:13:19, 2023-11-07 14:13:19,-75,1,(not associated),
56:64:AC:34:95:67, 2023-11-07 14:13:19, 2023-11-07 14:13:19,-76,1,(not associated),
3E:09:F4:B0:A5:96, 2023-11-07 14:13:24, 2023-11-07 14:13:24,-81,1,(not associated),
EE:EA:63:5B:0A:00, 2023-11-07 14:13:33, 2023-11-07 14:13:33,-76,1,(not associated),
7E:A1:04:AD:F4:B3, 2023-11-07 14:13:43, 2023-11-07 14:13:43,-74,1,(not associated),
34:20:03:8E:04:7E, 2023-11-07 14:13:48, 2023-11-07 14:36:05,-75,9,90:17:3F:E7:84:70,
72:E6:73:20:D9:DC, 2023-11-07 14:13:48, 2023-11-07 14:16:46,-79,37,48:D3:43:BD:CF:F1,VTR-0795604
4E:72:4B:14:C2:E2, 2023-11-07 14:13:55, 2023-11-07 14:37:59,-69,32,DA:81:05:63:7D:4D,iPhone de Florencia
D8:EB:46:73:76:85, 2023-11-07 14:13:56, 2023-11-07 14:13:56,-79,1,(not associated),Dpto611_Wifi
A6:EE:FE:CF:8A:FC, 2023-11-07 14:13:57, 2023-11-07 14:13:57,-84,1,(not associated),
9A:4A:76:69:1B:06, 2023-11-07 14:14:02, 2023-11-07 14:14:02,-75,1,(not associated),
C2:3C:F7:94:0E:93, 2023-11-07 14:14:03, 2023-11-07 14:14:03,-74,2,(not associated),
62:2D:07:45:E4:76, 2023-11-07 14:14:08, 2023-11-07 14:14:08,-71,1,(not associated),
66:CE:02:16:36:C9, 2023-11-07 14:14:09, 2023-11-07 14:14:09,-76,1,(not associated),
B2:95:0C:CA:C0:D5, 2023-11-07 14:14:10, 2023-11-07 14:14:10,-78,2,(not associated),
9E:A2:FF:8A:84:54, 2023-11-07 14:14:15, 2023-11-07 14:14:15,-74,2,(not associated),
38:1F:8D:CD:31:55, 2023-11-07 14:14:17, 2023-11-07 14:28:54,-82,3,90:17:3F:E7:84:70,
9A:28:11:40:58:E5, 2023-11-07 14:14:19, 2023-11-07 14:14:19,-74,1,(not associated),
56:DB:AE:00:1A:87, 2023-11-07 14:14:20, 2023-11-07 14:14:20,-77,1,(not associated),
8E:5E:32:77:B7:7C, 2023-11-07 14:14:26, 2023-11-07 14:14:26,-74,1,(not associated),
98:22:EF:1F:D7:0D, 2023-11-07 14:14:30, 2023-11-07 14:29:58,-70,3,A4:6D:A4:34:94:DC,
6A:E8:DE:4A:20:EF, 2023-11-07 14:14:34, 2023-11-07 14:14:34,-75,1,(not associated),
12:A1:0F:BD:35:56, 2023-11-07 14:14:45, 2023-11-07 14:14:45,-75,1,(not associated),
6E:BA:46:3E:30:C1, 2023-11-07 14:14:45, 2023-11-07 14:22:14,-73,52,22:89:A0:60:4D:31,
C0:39:5A:E5:31:A7, 2023-11-07 14:14:47, 2023-11-07 14:33:24,-80,10,(not associated),BILLUNDVINA
C6:C5:6B:B3:26:59, 2023-11-07 14:14:51, 2023-11-07 14:14:51,-72,1,(not associated),
C2:35:E2:BE:66:6C, 2023-11-07 14:14:53, 2023-11-07 14:14:53,-72,1,(not associated),
70:89:76:B6:96:4D, 2023-11-07 14:14:56, 2023-11-07 14:38:27,-77,46,E4:57:40:E0:25:67,
F0:35:75:16:91:A5, 2023-11-07 14:15:00, 2023-11-07 14:37:52,-77,45,E4:57:40:AC:55:F9,
AA:10:E8:07:94:75, 2023-11-07 14:15:08, 2023-11-07 14:15:08,-80,2,(not associated),
7E:7F:91:69:C7:19, 2023-11-07 14:15:10, 2023-11-07 14:15:10,-61,1,(not associated),
22:78:7C:57:A4:44, 2023-11-07 14:15:10, 2023-11-07 14:15:10,-76,1,(not associated),
EC:4D:3E:3B:F4:0E, 2023-11-07 14:15:17, 2023-11-07 14:37:23,-71,57,18:35:D1:8F:4E:61,
4A:AA:14:45:34:CC, 2023-11-07 14:15:17, 2023-11-07 14:15:17,-75,1,(not associated),
92:07:6F:4E:B4:65, 2023-11-07 14:15:18, 2023-11-07 14:15:18,-75,1,(not associated),
CE:AF:00:5B:61:36, 2023-11-07 14:15:18, 2023-11-07 14:15:18,-81,1,(not associated),
02:29:74:83:75:B0, 2023-11-07 14:15:33, 2023-11-07 14:15:33,-77,1,(not associated),
B2:5E:D8:1A:40:CA, 2023-11-07 14:15:33, 2023-11-07 14:15:33,-79,1,(not associated),
1A:90:13:1A:0F:1E, 2023-11-07 14:15:40, 2023-11-07 14:15:40,-73,1,(not associated),
7C:96:D2:B4:67:04, 2023-11-07 14:15:40, 2023-11-07 14:15:40,-80,1,(not associated),
0E:02:20:FF:19:5D, 2023-11-07 14:15:40, 2023-11-07 14:15:40,-75,1,(not associated),
D6:80:68:FE:68:D6, 2023-11-07 14:15:45, 2023-11-07 14:31:45,-75,7,(not associated),
7E:11:B5:16:6A:19, 2023-11-07 14:15:48, 2023-11-07 14:15:48,-74,1,(not associated),
FA:FE:B2:E9:FF:9E, 2023-11-07 14:15:54, 2023-11-07 14:15:54,-73,1,(not associated),
B2:E9:46:28:7F:C0, 2023-11-07 14:15:55, 2023-11-07 14:15:55,-81,1,(not associated),
96:B2:3A:4B:10:C5, 2023-11-07 14:15:57, 2023-11-07 14:15:57,-81,1,(not associated),
2A:28:30:6B:EC:2F, 2023-11-07 14:15:59, 2023-11-07 14:15:59,-78,1,(not associated),
0E:9B:BC:E5:F4:A9, 2023-11-07 14:16:00, 2023-11-07 14:16:00,-77,1,(not associated),
8A:1B:39:CB:69:E7, 2023-11-07 14:16:09, 2023-11-07 14:16:09,-68,1,(not associated),
BA:78:6F:03:C8:78, 2023-11-07 14:16:10, 2023-11-07 14:16:10,-80,1,(not associated),
A2:F7:0E:6F:15:5D, 2023-11-07 14:16:11, 2023-11-07 14:16:11,-80,1,(not associated),
16:66:B5:10:43:B8, 2023-11-07 14:16:22, 2023-11-07 14:16:22,-74,1,(not associated),
5A:BE:D6:70:44:71, 2023-11-07 14:16:22, 2023-11-07 14:16:23,-76,2,(not associated),
0E:F2:47:96:AB:AC, 2023-11-07 14:16:29, 2023-11-07 14:16:29,-73,1,(not associated),
FA:35:A3:84:16:D0, 2023-11-07 14:16:32, 2023-11-07 14:16:32,-70,1,(not associated),
86:58:F0:28:09:DA, 2023-11-07 14:16:33, 2023-11-07 14:16:33,-75,1,(not associated),
46:12:8A:89:EA:BC, 2023-11-07 14:16:38, 2023-11-07 14:16:38,-78,1,(not associated),
72:A9:25:AF:74:A9, 2023-11-07 14:16:39, 2023-11-07 14:16:39,-78,1,(not associated),
E8:2A:44:A6:78:9B, 2023-11-07 14:16:39, 2023-11-07 14:16:39,-80,2,(not associated),
CE:B2:20:2C:74:8F, 2023-11-07 14:16:42, 2023-11-07 14:19:50,-76,2,(not associated),
02:03:B8:F6:9F:76, 2023-11-07 14:16:44, 2023-11-07 14:16:44,-78,1,(not associated),
28:3A:4D:61:51:27, 2023-11-07 14:16:44, 2023-11-07 14:16:44,-82,1,00:35:1A:1D:68:C3,Funcionarios
F2:93:B7:FA:1C:C4, 2023-11-07 14:16:45, 2023-11-07 14:16:45,-78,2,(not associated),
8A:91:1E:EF:EF:35, 2023-11-07 14:16:47, 2023-11-07 14:16:47,-83,1,(not associated),
BA:BF:1A:7A:B5:2F, 2023-11-07 14:16:52, 2023-11-07 14:26:52,-75,5,(not associated),
B4:A8:98:AB:3E:D5, 2023-11-07 14:16:55, 2023-11-07 14:16:55,-1,1,00:35:1A:1D:68:C1,
5E:06:F4:18:8F:60, 2023-11-07 14:16:57, 2023-11-07 14:16:57,-67,2,(not associated),
7E:CF:E9:9D:C9:54, 2023-11-07 14:17:01, 2023-11-07 14:17:01,-70,1,(not associated),
A2:77:FD:07:D6:74, 2023-11-07 14:17:06, 2023-11-07 14:17:06,-81,1,(not associated),
72:41:C8:DD:A1:CB, 2023-11-07 14:17:12, 2023-11-07 14:17:12,-73,1,(not associated),
1A:5C:06:CE:17:7F, 2023-11-07 14:17:14, 2023-11-07 14:17:14,-71,1,(not associated),
56:A3:DB:25:AC:E2, 2023-11-07 14:17:14, 2023-11-07 14:17:14,-81,2,(not associated),
7A:2C:F2:4B:93:8E, 2023-11-07 14:17:18, 2023-11-07 14:17:18,-76,1,(not associated),
26:61:4A:9F:FE:0E, 2023-11-07 14:17:19, 2023-11-07 14:17:19,-75,1,(not associated),
96:A7:FE:08:3C:71, 2023-11-07 14:17:22, 2023-11-07 14:17:22,-78,1,(not associated),
B6:28:45:53:03:A5, 2023-11-07 14:17:31, 2023-11-07 14:17:31,-80,2,(not associated),
76:4E:B5:B4:20:8B, 2023-11-07 14:17:42, 2023-11-07 14:17:42,-74,2,(not associated),
22:9D:A0:87:92:30, 2023-11-07 14:17:45, 2023-11-07 14:17:45,-77,2,F4:92:BF:C7:65:35,
8E:5A:D0:EA:1B:6A, 2023-11-07 14:17:47, 2023-11-07 14:17:47,-74,2,(not associated),
A6:98:AD:0B:82:8C, 2023-11-07 14:17:51, 2023-11-07 14:17:51,-73,2,(not associated),
EA:AA:BD:24:9F:1C, 2023-11-07 14:17:52, 2023-11-07 14:17:52,-78,1,(not associated),
F6:68:AA:A6:6F:90, 2023-11-07 14:17:57, 2023-11-07 14:17:57,-73,1,(not associated),
C6:36:FA:3C:41:9C, 2023-11-07 14:18:00, 2023-11-07 14:18:00,-75,1,(not associated),
4A:E8:01:FA:97:01, 2023-11-07 14:18:01, 2023-11-07 14:18:01,-73,1,(not associated),
C2:14:10:59:92:0D, 2023-11-07 14:18:07, 2023-11-07 14:18:07,-72,2,(not associated),
CE:12:69:5E:D1:CD, 2023-11-07 14:18:08, 2023-11-07 14:18:09,-79,2,(not associated),
6A:59:9D:E5:78:06, 2023-11-07 14:18:13, 2023-11-07 14:18:13,-74,1,(not associated),
26:08:67:36:73:2A, 2023-11-07 14:18:14, 2023-11-07 14:18:14,-72,2,(not associated),
72:53:9A:B5:D9:79, 2023-11-07 14:18:17, 2023-11-07 14:18:17,-76,2,(not associated),
12:F1:01:62:6A:28, 2023-11-07 14:18:21, 2023-11-07 14:18:21,-73,1,(not associated),
92:1C:B5:FF:2A:BB, 2023-11-07 14:18:22, 2023-11-07 14:18:22,-78,2,(not associated),
4E:E3:79:2D:34:F3, 2023-11-07 14:18:23, 2023-11-07 14:18:23,-74,2,(not associated),
CA:08:E5:2D:DA:50, 2023-11-07 14:18:26, 2023-11-07 14:18:26,-69,1,(not associated),
EE:66:FA:31:C4:4A, 2023-11-07 14:18:28, 2023-11-07 14:18:28,-77,1,(not associated),
DA:4C:37:61:14:9A, 2023-11-07 14:18:29, 2023-11-07 14:18:29,-74,1,(not associated),
82:68:02:5F:E9:5B, 2023-11-07 14:18:30, 2023-11-07 14:18:30,-72,1,(not associated),
56:CF:AB:DC:65:1C, 2023-11-07 14:18:32, 2023-11-07 14:18:32,-79,1,(not associated),
0A:BF:8D:7B:B2:A7, 2023-11-07 14:18:33, 2023-11-07 14:18:33,-76,2,(not associated),
CA:75:F4:D5:3C:66, 2023-11-07 14:18:35, 2023-11-07 14:18:36,-73,2,(not associated),
4E:40:65:AC:F8:81, 2023-11-07 14:18:35, 2023-11-07 14:18:35,-79,1,(not associated),
5E:EF:0B:E9:54:76, 2023-11-07 14:18:38, 2023-11-07 14:18:38,-72,1,(not associated),
DA:06:B5:4D:E2:3C, 2023-11-07 14:18:41, 2023-11-07 14:18:41,-75,2,(not associated),
BA:90:86:79:90:2D, 2023-11-07 14:18:43, 2023-11-07 14:18:43,-77,1,(not associated),
26:86:4F:92:A2:BB, 2023-11-07 14:18:47, 2023-11-07 14:18:47,-74,1,(not associated),
48:D6:D5:30:83:02, 2023-11-07 14:18:51, 2023-11-07 14:18:52,-77,2,(not associated),Michiclub
EA:A5:55:92:D4:73, 2023-11-07 14:18:53, 2023-11-07 14:18:53,-74,2,(not associated),
86:57:F7:96:D4:08, 2023-11-07 14:18:59, 2023-11-07 14:18:59,-74,4,(not associated),
48:C7:96:F4:82:6C, 2023-11-07 14:19:08, 2023-11-07 14:19:08,-79,1,1A:E8:29:CD:B5:02,
62:B2:82:2D:9A:2F, 2023-11-07 14:19:11, 2023-11-07 14:21:44,-83,56,E8:13:6E:83:92:4C,ELALPA
4A:D2:12:36:C7:79, 2023-11-07 14:19:14, 2023-11-07 14:19:14,-73,1,(not associated),
02:3E:FD:DB:34:ED, 2023-11-07 14:19:16, 2023-11-07 14:19:16,-69,1,(not associated),
DE:51:B8:21:1A:CA, 2023-11-07 14:19:17, 2023-11-07 14:19:17,-80,1,(not associated),
A6:FA:34:82:C9:8D, 2023-11-07 14:19:23, 2023-11-07 14:19:23,-80,2,(not associated),
52:34:45:4A:BE:29, 2023-11-07 14:19:24, 2023-11-07 14:38:12,-32,11,(not associated),
34:EA:E7:E5:57:AE, 2023-11-07 14:19:26, 2023-11-07 14:19:26,-1,1,88:DE:7C:9B:CC:AF,
CA:27:0D:32:1E:61, 2023-11-07 14:19:28, 2023-11-07 14:19:28,-75,2,(not associated),
E2:43:C4:C0:BB:09, 2023-11-07 14:19:30, 2023-11-07 14:19:30,-72,1,(not associated),
AE:02:9B:AB:F8:DF, 2023-11-07 14:19:31, 2023-11-07 14:19:31,-74,4,(not associated),
66:92:8F:9F:7D:4B, 2023-11-07 14:19:43, 2023-11-07 14:19:43,-74,2,(not associated),
2C:2B:F9:C1:0F:32, 2023-11-07 14:19:43, 2023-11-07 14:37:59,-1,34,B4:09:31:5B:FE:3C,
40:11:C3:8B:35:E8, 2023-11-07 14:19:47, 2023-11-07 14:20:07,-79,2,(not associated),
24:11:45:E3:C8:8A, 2023-11-07 14:19:48, 2023-11-07 14:38:01,-1,38,4E:AB:F8:4C:AD:0F,
20:F5:43:F6:09:BA, 2023-11-07 14:19:50, 2023-11-07 14:26:28,-71,5,C4:69:F0:CA:AC:74,
A6:7A:53:85:12:9F, 2023-11-07 14:19:51, 2023-11-07 14:19:51,-75,2,(not associated),MOVISTAR-WIFI6-2280
4A:8C:43:CF:D3:28, 2023-11-07 14:19:54, 2023-11-07 14:19:54,-1,1,68:E2:09:7D:38:64,
02:B5:BD:C3:09:A7, 2023-11-07 14:19:54, 2023-11-07 14:19:54,-78,1,(not associated),
68:3A:48:44:7C:6D, 2023-11-07 14:19:57, 2023-11-07 14:19:57,-1,1,68:E2:09:7D:38:64,
76:4A:C6:05:6C:D8, 2023-11-07 14:19:58, 2023-11-07 14:19:58,-78,2,(not associated),
1E:73:EF:C9:D4:0F, 2023-11-07 14:20:05, 2023-11-07 14:20:05,-77,1,(not associated),
10:5B:AD:3C:09:7B, 2023-11-07 14:20:06, 2023-11-07 14:20:06,-79,2,(not associated),
FE:2E:00:AE:8A:D8, 2023-11-07 14:20:09, 2023-11-07 14:20:09,-75,1,(not associated),
90:0F:0C:33:9B:6B, 2023-11-07 14:20:13, 2023-11-07 14:20:13,-1,1,E4:AB:89:63:7F:C0,
7E:FE:AD:2E:05:C8, 2023-11-07 14:20:16, 2023-11-07 14:20:16,-74,1,(not associated),
2E:18:39:DC:15:89, 2023-11-07 14:20:28, 2023-11-07 14:20:28,-76,1,(not associated),
14:87:6A:0A:79:56, 2023-11-07 14:20:31, 2023-11-07 14:20:31,-72,1,(not associated),PERFECT
6E:53:35:08:70:A1, 2023-11-07 14:20:32, 2023-11-07 14:20:32,-74,2,(not associated),
AA:D0:9C:44:52:63, 2023-11-07 14:20:36, 2023-11-07 14:20:36,-73,2,(not associated),
E2:8C:0C:CD:BF:BE, 2023-11-07 14:20:42, 2023-11-07 14:20:42,-75,2,(not associated),
3E:51:5E:0D:3A:79, 2023-11-07 14:20:43, 2023-11-07 14:20:43,-78,1,(not associated),
CA:3A:17:93:07:7D, 2023-11-07 14:20:44, 2023-11-07 14:20:44,-74,1,(not associated),
9A:64:14:96:49:4D, 2023-11-07 14:20:48, 2023-11-07 14:34:28,-79,2,00:35:1A:1D:68:C1,
66:76:96:2D:84:66, 2023-11-07 14:20:49, 2023-11-07 14:20:49,-79,1,(not associated),
16:25:32:6D:AF:83, 2023-11-07 14:20:52, 2023-11-07 14:20:52,-72,1,(not associated),
9E:B6:3D:92:92:6E, 2023-11-07 14:20:58, 2023-11-07 14:20:58,-75,1,(not associated),
B6:5E:FE:F1:5C:82, 2023-11-07 14:20:58, 2023-11-07 14:20:58,-80,1,(not associated),
5A:00:02:17:14:74, 2023-11-07 14:20:59, 2023-11-07 14:20:59,-76,2,(not associated),
3E:90:11:16:B5:ED, 2023-11-07 14:21:05, 2023-11-07 14:21:05,-80,1,(not associated),
4A:1F:D9:3B:85:94, 2023-11-07 14:21:08, 2023-11-07 14:21:08,-69,1,(not associated),
60:7E:CD:DE:6B:40, 2023-11-07 14:21:10, 2023-11-07 14:36:08,-68,3,(not associated),
82:D2:1D:C7:70:BF, 2023-11-07 14:21:17, 2023-11-07 14:38:35,-77,6,DA:13:99:05:F8:17,
36:F9:31:CA:1F:5A, 2023-11-07 14:21:18, 2023-11-07 14:21:18,-78,1,(not associated),
12:4D:97:33:E2:BC, 2023-11-07 14:21:24, 2023-11-07 14:21:24,-76,1,(not associated),
EC:9C:32:D4:0E:FF, 2023-11-07 14:21:41, 2023-11-07 14:21:41,-82,1,(not associated),Clinica Contempora
DE:C5:AB:2E:FD:AF, 2023-11-07 14:21:57, 2023-11-07 14:21:57,-74,1,(not associated),
F6:C0:C6:EC:C4:9E, 2023-11-07 14:21:58, 2023-11-07 14:21:58,-77,1,(not associated),
0E:50:06:A0:4B:17, 2023-11-07 14:22:02, 2023-11-07 14:22:02,-79,1,(not associated),
CA:30:32:78:9C:C5, 2023-11-07 14:22:02, 2023-11-07 14:22:02,-74,1,(not associated),
12:BF:69:A9:D5:48, 2023-11-07 14:22:03, 2023-11-07 14:23:05,-73,16,44:48:B9:C8:C2:48,
12:B7:FC:90:20:08, 2023-11-07 14:22:04, 2023-11-07 14:22:04,-75,1,(not associated),
3A:23:A9:5B:1E:53, 2023-11-07 14:22:18, 2023-11-07 14:22:18,-66,1,(not associated),
BC:45:5B:D1:31:21, 2023-11-07 14:22:18, 2023-11-07 14:38:02,-67,4,44:48:B9:C8:C2:48,
22:8D:24:ED:9B:F7, 2023-11-07 14:22:20, 2023-11-07 14:22:20,-76,1,(not associated),
7E:EF:A7:F0:13:5F, 2023-11-07 14:22:24, 2023-11-07 14:22:24,-74,1,(not associated),
9A:47:55:76:8C:90, 2023-11-07 14:22:29, 2023-11-07 14:22:29,-72,1,(not associated),
8E:2A:D5:FF:F9:F0, 2023-11-07 14:22:30, 2023-11-07 14:22:30,-70,1,(not associated),
16:5A:A8:BB:E1:5E, 2023-11-07 14:22:35, 2023-11-07 14:22:35,-80,1,(not associated),
32:D0:47:28:3F:41, 2023-11-07 14:22:53, 2023-11-07 14:22:53,-80,1,(not associated),
1E:17:56:30:75:96, 2023-11-07 14:22:55, 2023-11-07 14:22:55,-76,2,(not associated),
66:D4:74:75:B9:79, 2023-11-07 14:22:56, 2023-11-07 14:22:56,-78,2,(not associated),
4A:AC:88:79:E1:79, 2023-11-07 14:22:58, 2023-11-07 14:22:59,-76,3,(not associated),
32:C7:9E:D9:12:4B, 2023-11-07 14:23:03, 2023-11-07 14:23:03,-79,1,(not associated),
0A:08:60:F5:68:84, 2023-11-07 14:23:03, 2023-11-07 14:23:03,-78,2,(not associated),
4A:DB:DE:9D:45:2B, 2023-11-07 14:23:05, 2023-11-07 14:23:05,-70,1,(not associated),
7A:84:42:3C:81:5F, 2023-11-07 14:23:09, 2023-11-07 14:23:09,-76,1,(not associated),
00:BF:AF:B7:BB:25, 2023-11-07 14:23:11, 2023-11-07 14:28:28,-1,2,2A:AA:E4:F6:E5:4D,
4E:7B:5B:59:E9:2E, 2023-11-07 14:23:13, 2023-11-07 14:23:13,-76,3,(not associated),
76:0A:0E:A8:2A:9E, 2023-11-07 14:23:13, 2023-11-07 14:23:13,-77,1,(not associated),
C6:0D:FF:3A:B8:5B, 2023-11-07 14:23:14, 2023-11-07 14:23:14,-71,1,(not associated),
E4:3E:D7:BB:2E:72, 2023-11-07 14:23:23, 2023-11-07 14:23:23,-76,1,18:35:D1:7D:EC:59,
EE:63:94:83:D0:88, 2023-11-07 14:23:24, 2023-11-07 14:23:24,-69,1,(not associated),
6E:94:70:46:0B:6C, 2023-11-07 14:23:26, 2023-11-07 14:23:26,-80,1,(not associated),
62:34:DD:A4:89:29, 2023-11-07 14:23:29, 2023-11-07 14:23:29,-74,3,(not associated),
08:E9:F6:0A:DB:56, 2023-11-07 14:23:29, 2023-11-07 14:33:08,-81,3,98:48:27:1D:F0:A7,
0E:BE:4F:78:98:05, 2023-11-07 14:23:32, 2023-11-07 14:23:32,-76,1,(not associated),
10:2C:6B:E6:17:B8, 2023-11-07 14:23:34, 2023-11-07 14:23:34,-56,1,(not associated),
A2:7A:22:64:EF:BA, 2023-11-07 14:23:37, 2023-11-07 14:23:37,-75,1,(not associated),
46:DA:86:1C:61:EE, 2023-11-07 14:23:42, 2023-11-07 14:23:42,-80,2,(not associated),MOVISTAR-WIFI6-2280
18:35:D1:8F:4E:61, 2023-11-07 14:23:46, 2023-11-07 14:23:46,-65,1,(not associated),
4A:1B:9F:50:D9:E4, 2023-11-07 14:23:47, 2023-11-07 14:23:47,-78,2,(not associated),
52:41:07:97:4C:CE, 2023-11-07 14:23:51, 2023-11-07 14:23:51,-76,1,(not associated),
A2:C8:6E:60:52:75, 2023-11-07 14:23:56, 2023-11-07 14:23:56,-75,1,(not associated),
8E:C4:D0:29:BE:CF, 2023-11-07 14:24:00, 2023-11-07 14:24:01,-76,3,(not associated),
3E:3A:36:06:96:EC, 2023-11-07 14:24:06, 2023-11-07 14:24:06,-76,2,(not associated),
6E:03:F0:42:47:38, 2023-11-07 14:24:12, 2023-11-07 14:24:12,-75,2,(not associated),
1E:0F:C0:48:22:37, 2023-11-07 14:24:12, 2023-11-07 14:24:12,-80,1,(not associated),
F2:A4:32:5E:DC:8F, 2023-11-07 14:24:13, 2023-11-07 14:24:13,-75,2,(not associated),
22:B5:9E:66:48:4F, 2023-11-07 14:24:16, 2023-11-07 14:24:16,-80,1,(not associated),
3A:DC:FC:A7:06:7C, 2023-11-07 14:24:19, 2023-11-07 14:24:19,-75,1,(not associated),
46:88:98:05:37:B6, 2023-11-07 14:24:22, 2023-11-07 14:24:22,-77,1,(not associated),
92:AA:EB:20:D5:AC, 2023-11-07 14:24:23, 2023-11-07 14:24:23,-75,1,(not associated),
DA:A1:19:9C:4C:3A, 2023-11-07 14:24:28, 2023-11-07 14:24:28,-78,1,(not associated),
AE:D9:11:29:4D:70, 2023-11-07 14:24:30, 2023-11-07 14:24:30,-79,1,(not associated),
C6:77:5A:B6:9E:4A, 2023-11-07 14:24:33, 2023-11-07 14:24:33,-73,1,(not associated),
48:F1:7F:46:86:3D, 2023-11-07 14:24:35, 2023-11-07 14:24:35,-1,3,44:48:B9:07:66:7E,
8E:22:3A:79:98:1B, 2023-11-07 14:24:37, 2023-11-07 14:24:37,-76,1,(not associated),
06:8B:78:FF:61:F2, 2023-11-07 14:24:37, 2023-11-07 14:24:37,-76,1,(not associated),
72:95:61:46:C8:9A, 2023-11-07 14:24:38, 2023-11-07 14:24:38,-74,1,(not associated),
A2:ED:98:D4:88:71, 2023-11-07 14:24:42, 2023-11-07 14:24:42,-78,1,(not associated),
22:B5:9E:0B:56:18, 2023-11-07 14:24:59, 2023-11-07 14:24:59,-75,1,(not associated),
BA:04:41:8F:96:5F, 2023-11-07 14:25:05, 2023-11-07 14:25:05,-74,2,(not associated),
FA:A4:5B:A1:21:C1, 2023-11-07 14:25:07, 2023-11-07 14:25:07,-74,1,(not associated),
DE:65:96:96:04:CD, 2023-11-07 14:25:08, 2023-11-07 14:25:09,-72,8,(not associated),MOVISTAR WIFI
7A:35:81:D8:9B:4C, 2023-11-07 14:25:09, 2023-11-07 14:25:09,-76,1,(not associated),
EE:F0:1E:3E:26:A7, 2023-11-07 14:25:11, 2023-11-07 14:25:11,-80,1,(not associated),
46:6B:D6:27:28:E7, 2023-11-07 14:25:15, 2023-11-07 14:25:15,-76,1,(not associated),
2A:88:57:FA:0A:58, 2023-11-07 14:25:16, 2023-11-07 14:25:16,-78,1,(not associated),
92:84:2C:85:62:2A, 2023-11-07 14:25:23, 2023-11-07 14:25:23,-74,1,(not associated),
AE:2B:07:77:E3:33, 2023-11-07 14:25:28, 2023-11-07 14:25:28,-76,1,(not associated),
C2:35:40:6A:1E:8F, 2023-11-07 14:25:29, 2023-11-07 14:25:29,-69,1,(not associated),
DE:41:4D:12:D4:33, 2023-11-07 14:25:30, 2023-11-07 14:25:30,-76,1,(not associated),
92:74:FA:31:13:81, 2023-11-07 14:25:35, 2023-11-07 14:25:35,-80,1,(not associated),
AA:BA:75:10:3D:B9, 2023-11-07 14:25:37, 2023-11-07 14:25:37,-76,1,(not associated),
BA:27:C2:DA:9E:78, 2023-11-07 14:25:47, 2023-11-07 14:25:47,-67,1,E4:57:40:E0:25:67,
8A:76:BB:F5:40:E5, 2023-11-07 14:25:48, 2023-11-07 14:25:48,-71,1,(not associated),
AA:6E:BB:27:24:F8, 2023-11-07 14:25:49, 2023-11-07 14:25:49,-67,1,(not associated),
22:C2:56:6F:02:44, 2023-11-07 14:25:49, 2023-11-07 14:25:49,-65,1,(not associated),
66:8A:24:82:9A:1A, 2023-11-07 14:25:51, 2023-11-07 14:25:51,-67,1,(not associated),
CA:90:33:5D:00:5B, 2023-11-07 14:25:52, 2023-11-07 14:25:52,-80,2,(not associated),
42:E2:2A:1B:1F:77, 2023-11-07 14:25:58, 2023-11-07 14:25:58,-78,1,(not associated),
46:4E:69:D2:E6:8E, 2023-11-07 14:25:59, 2023-11-07 14:25:59,-74,2,(not associated),
96:40:D9:41:A9:DC, 2023-11-07 14:26:03, 2023-11-07 14:26:03,-76,2,(not associated),
92:DD:8D:2E:A0:8A, 2023-11-07 14:26:06, 2023-11-07 14:26:06,-70,1,(not associated),
A6:CD:C7:98:35:B5, 2023-11-07 14:26:17, 2023-11-07 14:26:17,-75,1,(not associated),
F0:E4:A2:75:A2:BF, 2023-11-07 14:26:18, 2023-11-07 14:34:48,-1,3,4C:AB:F8:84:7E:FF,
42:D0:9A:47:AF:5E, 2023-11-07 14:26:20, 2023-11-07 14:26:20,-82,1,(not associated),
66:D9:55:83:AC:5A, 2023-11-07 14:26:20, 2023-11-07 14:26:20,-73,2,(not associated),
BA:DF:74:F4:A1:14, 2023-11-07 14:26:21, 2023-11-07 14:26:21,-75,1,(not associated),
BA:46:EE:C0:A4:74, 2023-11-07 14:26:22, 2023-11-07 14:26:22,-80,1,(not associated),
46:EF:05:F1:68:EC, 2023-11-07 14:26:26, 2023-11-07 14:26:26,-82,1,(not associated),
EA:08:B2:30:C5:A2, 2023-11-07 14:26:27, 2023-11-07 14:26:27,-76,2,(not associated),
90:F1:AA:EA:03:9B, 2023-11-07 14:26:29, 2023-11-07 14:38:17,-77,13,94:00:B0:E7:FD:A0,
BE:85:2C:60:6E:0A, 2023-11-07 14:26:30, 2023-11-07 14:26:30,-75,1,(not associated),
46:21:33:A3:0D:23, 2023-11-07 14:26:35, 2023-11-07 14:26:35,-74,3,(not associated),
D0:05:2A:1F:78:61, 2023-11-07 14:26:42, 2023-11-07 14:26:42,-1,1,B4:09:31:5C:83:70,
DE:5D:AA:09:0B:8C, 2023-11-07 14:26:45, 2023-11-07 14:26:45,-77,1,(not associated),
86:C4:C4:38:A4:9D, 2023-11-07 14:26:46, 2023-11-07 14:26:46,-69,1,(not associated),
7E:0B:95:FA:58:E7, 2023-11-07 14:26:48, 2023-11-07 14:26:48,-81,1,(not associated),
4E:AB:C1:1A:F0:29, 2023-11-07 14:26:49, 2023-11-07 14:26:49,-72,1,(not associated),
F2:D0:1E:29:08:1F, 2023-11-07 14:26:50, 2023-11-07 14:26:50,-75,1,(not associated),
8A:FA:B2:6C:67:89, 2023-11-07 14:26:53, 2023-11-07 14:26:53,-76,1,(not associated),
C6:75:5D:4F:1F:C3, 2023-11-07 14:26:54, 2023-11-07 14:26:55,-78,3,(not associated),
6E:5F:5F:17:D9:26, 2023-11-07 14:26:57, 2023-11-07 14:26:57,-75,1,(not associated),
86:2F:50:CC:77:47, 2023-11-07 14:27:03, 2023-11-07 14:27:03,-76,1,(not associated),
52:1C:7F:0B:A8:2B, 2023-11-07 14:27:03, 2023-11-07 14:27:03,-74,2,(not associated),
B2:C1:76:C3:EC:27, 2023-11-07 14:27:04, 2023-11-07 14:27:04,-76,2,(not associated),
52:C9:54:C3:7B:75, 2023-11-07 14:27:06, 2023-11-07 14:27:06,-75,1,(not associated),
2E:4E:B4:EC:50:29, 2023-11-07 14:27:07, 2023-11-07 14:27:07,-74,2,(not associated),
6A:62:E7:5B:E7:C0, 2023-11-07 14:27:07, 2023-11-07 14:27:07,-73,1,(not associated),
AE:8F:E3:33:95:83, 2023-11-07 14:27:10, 2023-11-07 14:27:10,-71,1,(not associated),
26:29:0A:53:A0:2C, 2023-11-07 14:27:13, 2023-11-07 14:27:13,-68,1,(not associated),
1E:C4:F6:2C:1D:DA, 2023-11-07 14:27:16, 2023-11-07 14:27:16,-79,1,(not associated),
2A:22:DB:97:89:6E, 2023-11-07 14:27:18, 2023-11-07 14:27:18,-75,2,(not associated),
DA:7A:DD:6F:D7:49, 2023-11-07 14:27:20, 2023-11-07 14:27:20,-81,1,(not associated),
9A:2B:01:BE:4A:A7, 2023-11-07 14:27:24, 2023-11-07 14:27:24,-81,1,(not associated),
3A:63:14:D3:FE:8B, 2023-11-07 14:27:25, 2023-11-07 14:27:25,-72,1,(not associated),
9A:8C:80:6B:BC:8E, 2023-11-07 14:27:27, 2023-11-07 14:27:27,-74,3,(not associated),
7A:0D:2E:A6:1B:7D, 2023-11-07 14:27:32, 2023-11-07 14:27:32,-75,1,(not associated),
08:E9:F6:6E:58:3A, 2023-11-07 14:27:43, 2023-11-07 14:38:37,-72,345,E4:57:40:E0:25:67,
66:11:AB:BE:5B:29, 2023-11-07 14:28:02, 2023-11-07 14:28:02,-74,1,(not associated),
1E:78:E3:A4:BF:DF, 2023-11-07 14:28:02, 2023-11-07 14:31:38,-80,2,B4:09:31:5B:FE:3C,
C2:43:17:E7:A5:13, 2023-11-07 14:28:03, 2023-11-07 14:28:03,-72,2,(not associated),
46:58:E1:BB:92:64, 2023-11-07 14:28:07, 2023-11-07 14:28:07,-79,1,(not associated),
B6:42:16:D3:90:20, 2023-11-07 14:28:18, 2023-11-07 14:28:18,-84,1,(not associated),
3A:6B:9A:9E:C5:A0, 2023-11-07 14:28:23, 2023-11-07 14:28:23,-75,2,(not associated),
C6:8B:31:F7:A4:39, 2023-11-07 14:28:33, 2023-11-07 14:28:33,-77,1,(not associated),
A6:11:5E:50:8C:3E, 2023-11-07 14:28:34, 2023-11-07 14:28:34,-75,2,(not associated),
02:00:00:00:00:00, 2023-11-07 14:28:34, 2023-11-07 14:29:02,-79,2,(not associated),
42:A9:88:F7:8F:86, 2023-11-07 14:28:36, 2023-11-07 14:28:36,-82,1,(not associated),
46:22:C4:79:87:B5, 2023-11-07 14:28:40, 2023-11-07 14:28:40,-80,1,(not associated),
82:90:7D:63:BB:7C, 2023-11-07 14:28:48, 2023-11-07 14:28:48,-74,1,(not associated),
E2:93:DA:53:2D:8E, 2023-11-07 14:28:52, 2023-11-07 14:28:52,-78,1,(not associated),
3E:50:1C:0B:0F:70, 2023-11-07 14:28:53, 2023-11-07 14:28:53,-76,1,(not associated),
FE:A0:C4:AC:2D:2A, 2023-11-07 14:28:56, 2023-11-07 14:28:56,-44,2,(not associated),
FE:50:90:B1:E1:01, 2023-11-07 14:28:58, 2023-11-07 14:28:58,-78,2,(not associated),
1E:69:B7:17:F3:16, 2023-11-07 14:29:03, 2023-11-07 14:29:03,-75,1,(not associated),
C6:CE:72:84:68:AB, 2023-11-07 14:29:12, 2023-11-07 14:29:12,-77,1,(not associated),
EE:B8:42:5B:65:A7, 2023-11-07 14:29:12, 2023-11-07 14:29:12,-75,1,(not associated),
DE:2A:13:9B:6A:A0, 2023-11-07 14:29:14, 2023-11-07 14:29:14,-75,1,(not associated),
AE:5A:11:17:CE:B0, 2023-11-07 14:29:17, 2023-11-07 14:29:17,-75,2,(not associated),
AA:35:99:39:1E:E7, 2023-11-07 14:29:21, 2023-11-07 14:29:21,-74,2,(not associated),
7A:90:86:26:B1:97, 2023-11-07 14:29:22, 2023-11-07 14:29:22,-76,2,(not associated),
42:C3:0B:2A:C6:29, 2023-11-07 14:29:26, 2023-11-07 14:29:26,-76,1,(not associated),
9A:FE:FD:05:52:A5, 2023-11-07 14:29:40, 2023-11-07 14:29:40,-76,1,(not associated),
86:19:A3:29:2E:76, 2023-11-07 14:29:41, 2023-11-07 14:29:41,-77,1,(not associated),
8E:B2:8C:65:BB:3F, 2023-11-07 14:29:41, 2023-11-07 14:29:41,-74,2,(not associated),
52:A2:E6:EC:7E:60, 2023-11-07 14:29:49, 2023-11-07 14:29:49,-75,1,(not associated),
6A:14:92:ED:41:1B, 2023-11-07 14:30:00, 2023-11-07 14:30:00,-75,2,(not associated),
CA:86:1F:60:DD:94, 2023-11-07 14:30:06, 2023-11-07 14:30:06,-76,1,(not associated),
C0:05:C2:E4:B3:A1, 2023-11-07 14:30:09, 2023-11-07 14:30:09,-41,1,(not associated),
AA:B8:C9:40:4C:A2, 2023-11-07 14:30:10, 2023-11-07 14:30:10,-78,1,(not associated),
1E:D4:69:D8:12:EA, 2023-11-07 14:30:11, 2023-11-07 14:30:11,-70,1,(not associated),
F2:0F:D9:DC:70:95, 2023-11-07 14:30:13, 2023-11-07 14:30:13,-77,1,(not associated),
B6:06:9E:EE:30:EB, 2023-11-07 14:30:15, 2023-11-07 14:30:15,-78,2,(not associated),
EA:59:B8:80:A6:95, 2023-11-07 14:30:41, 2023-11-07 14:30:41,-78,1,(not associated),
7E:4F:FE:52:06:B6, 2023-11-07 14:30:49, 2023-11-07 14:30:49,-79,1,(not associated),
06:3A:91:EE:47:07, 2023-11-07 14:30:51, 2023-11-07 14:30:51,-75,1,(not associated),
62:99:40:95:F0:FD, 2023-11-07 14:30:53, 2023-11-07 14:31:12,-74,5,(not associated),
0A:BD:2A:AB:78:46, 2023-11-07 14:30:57, 2023-11-07 14:30:57,-73,1,(not associated),
94:00:B0:19:43:30, 2023-11-07 14:30:59, 2023-11-07 14:30:59,-76,2,(not associated),
4A:90:5E:89:64:B5, 2023-11-07 14:31:06, 2023-11-07 14:31:06,-81,1,(not associated),
B2:2C:9A:45:44:84, 2023-11-07 14:31:09, 2023-11-07 14:31:09,-67,2,(not associated),
E6:54:41:B9:9A:A0, 2023-11-07 14:31:20, 2023-11-07 14:31:20,-74,1,(not associated),
BE:F2:4C:37:B9:DD, 2023-11-07 14:31:23, 2023-11-07 14:31:23,-76,1,(not associated),
EA:83:BC:65:5F:B2, 2023-11-07 14:31:24, 2023-11-07 14:31:24,-69,4,00:35:1A:1D:68:C1,
56:AF:57:E7:E2:35, 2023-11-07 14:31:28, 2023-11-07 14:31:28,-76,2,(not associated),
4A:0C:E5:73:A1:4E, 2023-11-07 14:31:30, 2023-11-07 14:31:30,-72,2,(not associated),
AE:88:8D:AB:94:EB, 2023-11-07 14:31:43, 2023-11-07 14:31:43,-75,2,(not associated),
26:C9:6F:0A:1D:E8, 2023-11-07 14:31:48, 2023-11-07 14:31:48,-76,2,(not associated),
FE:3A:55:D3:69:42, 2023-11-07 14:31:48, 2023-11-07 14:31:48,-76,1,(not associated),
9A:07:A0:5E:6B:6B, 2023-11-07 14:31:55, 2023-11-07 14:31:55,-75,2,(not associated),
C2:40:ED:22:29:C3, 2023-11-07 14:32:04, 2023-11-07 14:32:04,-74,2,(not associated),
C2:83:C6:82:6E:EB, 2023-11-07 14:32:08, 2023-11-07 14:32:08,-74,2,(not associated),
6E:A3:E9:BE:F9:BF, 2023-11-07 14:32:13, 2023-11-07 14:32:13,-78,4,(not associated),
AA:BE:90:C7:B9:DE, 2023-11-07 14:32:14, 2023-11-07 14:32:14,-62,1,(not associated),
3E:D3:99:82:8F:09, 2023-11-07 14:32:22, 2023-11-07 14:32:22,-74,1,(not associated),
4A:3F:A6:A7:9C:83, 2023-11-07 14:32:24, 2023-11-07 14:32:24,-76,2,(not associated),
7C:C2:25:3B:E7:CA, 2023-11-07 14:32:30, 2023-11-07 14:32:30,-72,1,(not associated),
A6:53:B9:6E:9A:A2, 2023-11-07 14:32:36, 2023-11-07 14:32:36,-76,1,(not associated),
0E:1B:F3:88:74:04, 2023-11-07 14:32:43, 2023-11-07 14:32:43,-75,2,(not associated),
66:C3:A9:4F:5E:60, 2023-11-07 14:32:52, 2023-11-07 14:32:52,-71,2,(not associated),
76:D7:26:98:AB:F0, 2023-11-07 14:32:55, 2023-11-07 14:32:55,-76,1,(not associated),
32:66:0A:E1:CC:AF, 2023-11-07 14:33:04, 2023-11-07 14:33:04,-75,1,(not associated),
E6:26:2F:31:4B:90, 2023-11-07 14:33:11, 2023-11-07 14:33:11,-77,1,(not associated),
92:B7:DF:4D:89:4E, 2023-11-07 14:33:19, 2023-11-07 14:33:19,-73,2,(not associated),
D4:9C:DD:B1:B0:12, 2023-11-07 14:33:22, 2023-11-07 14:36:06,-31,9,(not associated),
96:A1:51:71:39:1E, 2023-11-07 14:33:28, 2023-11-07 14:33:28,-80,1,(not associated),
4A:D2:23:3D:C9:40, 2023-11-07 14:33:32, 2023-11-07 14:33:32,-35,1,(not associated),
46:0D:BF:98:1C:17, 2023-11-07 14:33:35, 2023-11-07 14:33:35,-69,2,(not associated),
76:63:33:8A:A7:EA, 2023-11-07 14:33:36, 2023-11-07 14:33:36,-74,1,(not associated),
E6:E0:92:3D:29:C9, 2023-11-07 14:33:37, 2023-11-07 14:33:37,-76,1,(not associated),
56:6C:2D:F8:F2:0D, 2023-11-07 14:33:39, 2023-11-07 14:33:39,-75,1,(not associated),
46:0B:A4:4D:D3:4E, 2023-11-07 14:33:41, 2023-11-07 14:33:41,-72,2,(not associated),
C6:95:28:3E:24:DD, 2023-11-07 14:33:44, 2023-11-07 14:33:44,-75,1,(not associated),
8E:81:4A:9F:0A:F2, 2023-11-07 14:33:45, 2023-11-07 14:33:45,-74,1,(not associated),
FE:58:00:2D:0A:A7, 2023-11-07 14:33:47, 2023-11-07 14:36:58,-80,2,2E:34:35:EC:15:D2,
8E:71:5D:BE:28:72, 2023-11-07 14:33:50, 2023-11-07 14:33:50,-75,2,(not associated),
5E:E7:14:BD:E1:0B, 2023-11-07 14:33:59, 2023-11-07 14:33:59,-80,2,(not associated),
A6:33:C9:61:F6:02, 2023-11-07 14:34:03, 2023-11-07 14:34:03,-74,1,(not associated),
7A:99:10:C4:E3:65, 2023-11-07 14:34:04, 2023-11-07 14:34:04,-72,1,(not associated),
6E:D6:8E:77:56:0D, 2023-11-07 14:34:15, 2023-11-07 14:34:15,-75,1,(not associated),
DE:E0:AA:26:B5:1F, 2023-11-07 14:34:16, 2023-11-07 14:34:16,-79,1,(not associated),
02:B5:2C:26:DE:90, 2023-11-07 14:34:17, 2023-11-07 14:34:17,-71,1,(not associated),
AE:E2:F3:AE:8F:01, 2023-11-07 14:34:19, 2023-11-07 14:34:19,-75,1,(not associated),
8A:9D:67:98:47:BB, 2023-11-07 14:34:22, 2023-11-07 14:34:22,-76,2,(not associated),
66:95:8A:DF:C1:01, 2023-11-07 14:34:24, 2023-11-07 14:34:24,-74,2,(not associated),
0E:81:9F:97:8C:86, 2023-11-07 14:34:27, 2023-11-07 14:34:27,-75,1,(not associated),
FA:9B:5D:EF:F8:8A, 2023-11-07 14:34:41, 2023-11-07 14:34:41,-77,2,(not associated),
8E:D3:F9:60:BA:04, 2023-11-07 14:34:43, 2023-11-07 14:34:43,-73,2,(not associated),
DA:64:B7:3E:CB:AE, 2023-11-07 14:35:00, 2023-11-07 14:35:00,-50,1,(not associated),
62:D8:E3:CE:C5:5C, 2023-11-07 14:35:00, 2023-11-07 14:35:00,-75,2,(not associated),
7E:85:FB:48:76:36, 2023-11-07 14:35:03, 2023-11-07 14:35:03,-76,2,(not associated),
52:F2:BC:3E:68:72, 2023-11-07 14:35:05, 2023-11-07 14:35:05,-74,1,(not associated),
CA:5F:40:5C:E0:52, 2023-11-07 14:35:07, 2023-11-07 14:35:07,-79,1,(not associated),
EE:8F:6E:D4:95:71, 2023-11-07 14:35:08, 2023-11-07 14:35:09,-74,3,(not associated),
14:49:D4:22:E7:B8, 2023-11-07 14:35:12, 2023-11-07 14:35:12,-75,2,(not associated),
AE:FE:64:8D:8A:82, 2023-11-07 14:35:16, 2023-11-07 14:35:16,-74,2,(not associated),
E6:5A:B0:BA:7E:05, 2023-11-07 14:35:18, 2023-11-07 14:35:18,-73,2,(not associated),
D2:47:A4:C8:4E:44, 2023-11-07 14:35:28, 2023-11-07 14:35:28,-75,1,(not associated),
DE:0E:60:99:A4:3F, 2023-11-07 14:35:33, 2023-11-07 14:35:33,-75,2,(not associated),
F2:0D:C2:82:56:87, 2023-11-07 14:35:39, 2023-11-07 14:35:39,-75,1,(not associated),
54:F1:5F:85:D0:6F, 2023-11-07 14:35:41, 2023-11-07 14:35:41,-77,1,(not associated),
2A:C0:24:A8:1E:B3, 2023-11-07 14:35:43, 2023-11-07 14:35:43,-77,1,(not associated),
82:2F:F5:8F:FB:CB, 2023-11-07 14:35:44, 2023-11-07 14:35:44,-78,1,(not associated),
6E:B5:A1:6E:BE:81, 2023-11-07 14:35:45, 2023-11-07 14:35:45,-30,1,(not associated),
BA:B1:33:F0:F8:CE, 2023-11-07 14:35:46, 2023-11-07 14:35:46,-76,1,(not associated),
C2:5D:51:B7:C2:75, 2023-11-07 14:35:51, 2023-11-07 14:35:51,-73,2,(not associated),
3A:24:E3:4D:D3:AD, 2023-11-07 14:35:52, 2023-11-07 14:35:52,-76,1,(not associated),
92:A0:FA:CF:DC:EA, 2023-11-07 14:35:54, 2023-11-07 14:35:54,-78,1,(not associated),
1E:8A:AC:14:0D:3E, 2023-11-07 14:35:56, 2023-11-07 14:35:56,-75,1,(not associated),
D2:0E:98:88:00:3D, 2023-11-07 14:36:00, 2023-11-07 14:36:00,-77,2,(not associated),
D6:D5:6F:7D:2F:8C, 2023-11-07 14:36:03, 2023-11-07 14:36:03,-76,2,(not associated),
FE:5D:4F:DB:05:F2, 2023-11-07 14:36:08, 2023-11-07 14:36:08,-76,1,(not associated),
F2:E1:A0:58:6D:D8, 2023-11-07 14:36:13, 2023-11-07 14:36:13,-77,1,(not associated),
22:5B:6C:DF:5E:48, 2023-11-07 14:36:15, 2023-11-07 14:36:15,-1,2,58:BE:72:F6:22:D4,
5A:EA:AF:3E:11:DA, 2023-11-07 14:36:21, 2023-11-07 14:36:21,-78,1,(not associated),
66:31:42:7A:B6:60, 2023-11-07 14:36:29, 2023-11-07 14:36:29,-78,1,(not associated),
6A:EF:BC:C3:9E:38, 2023-11-07 14:36:37, 2023-11-07 14:36:37,-78,1,(not associated),
A2:AD:CC:FD:04:63, 2023-11-07 14:36:40, 2023-11-07 14:36:40,-74,2,(not associated),
EE:03:21:B9:65:FF, 2023-11-07 14:36:42, 2023-11-07 14:36:42,-79,1,(not associated),
1E:44:38:C2:D5:4F, 2023-11-07 14:36:44, 2023-11-07 14:36:44,-74,4,(not associated),
4E:12:41:4F:D1:29, 2023-11-07 14:36:45, 2023-11-07 14:36:45,-76,2,(not associated),MOVISTAR WIFI
1E:78:45:16:56:C8, 2023-11-07 14:36:55, 2023-11-07 14:36:55,-74,2,(not associated),
E6:02:7B:F1:B1:C9, 2023-11-07 14:37:01, 2023-11-07 14:37:01,-77,3,(not associated),
0E:3F:57:6F:02:93, 2023-11-07 14:37:03, 2023-11-07 14:37:03,-74,1,(not associated),
06:F0:6A:33:20:39, 2023-11-07 14:37:04, 2023-11-07 14:37:04,-74,5,(not associated),
22:8C:9A:09:E1:CD, 2023-11-07 14:37:05, 2023-11-07 14:37:05,-77,1,(not associated),
CA:0B:05:ED:2D:96, 2023-11-07 14:37:12, 2023-11-07 14:37:12,-79,1,(not associated),
16:7E:CE:F2:9D:6A, 2023-11-07 14:37:13, 2023-11-07 14:37:13,-74,1,(not associated),
BE:71:1A:11:66:96, 2023-11-07 14:37:15, 2023-11-07 14:37:15,-70,1,(not associated),
C6:CB:72:62:69:DC, 2023-11-07 14:37:32, 2023-11-07 14:37:32,-74,1,(not associated),
D2:89:DA:56:7B:E4, 2023-11-07 14:37:35, 2023-11-07 14:37:35,-73,1,(not associated),
86:51:47:F8:AD:01, 2023-11-07 14:37:37, 2023-11-07 14:37:37,-78,1,(not associated),
E4:57:40:AC:55:F9, 2023-11-07 14:37:38, 2023-11-07 14:37:38,-72,1,(not associated),
CE:D6:D6:E4:02:59, 2023-11-07 14:37:41, 2023-11-07 14:37:41,-72,3,(not associated),
96:73:26:91:4A:60, 2023-11-07 14:37:42, 2023-11-07 14:37:42,-78,3,(not associated),
86:50:0B:DE:DB:1E, 2023-11-07 14:37:53, 2023-11-07 14:37:53,-73,2,(not associated),
12:04:5C:27:0A:08, 2023-11-07 14:37:56, 2023-11-07 14:37:56,-47,2,(not associated),
76:65:71:05:06:51, 2023-11-07 14:37:56, 2023-11-07 14:37:56,-69,1,(not associated),
1E:BB:0F:7C:FA:B9, 2023-11-07 14:37:57, 2023-11-07 14:37:57,-79,1,(not associated),
EE:4D:30:2C:3E:87, 2023-11-07 14:38:03, 2023-11-07 14:38:03,-73,2,(not associated),
6A:F9:FA:A6:6D:89, 2023-11-07 14:38:10, 2023-11-07 14:38:10,-79,1,(not associated),
AA:3D:7D:5E:57:18, 2023-11-07 14:38:15, 2023-11-07 14:38:15,-74,1,(not associated),
12:69:BB:7A:58:F2, 2023-11-07 14:38:17, 2023-11-07 14:38:17,-74,1,(not associated),
CE:CA:BF:DF:06:E7, 2023-11-07 14:38:21, 2023-11-07 14:38:21,-69,1,(not associated),
52:0B:68:83:F0:EE, 2023-11-07 14:38:22, 2023-11-07 14:38:22,-75,2,(not associated),
06:63:5E:BB:89:FF, 2023-11-07 14:38:24, 2023-11-07 14:38:24,-73,2,(not associated),
B6:43:AF:92:0E:CF, 2023-11-07 14:38:34, 2023-11-07 14:38:34,-69,1,(not associated),
C2:E6:6E:5C:0D:06, 2023-11-07 14:38:36, 2023-11-07 14:38:36,-79,2,(not associated),
